component,layer,head,source,separation,delta_separation,behavior,delta_behavior,dfa_score,dfa_rank,necessity_separation,necessity_behavior,separation_control_z,behavior_control_z
L18H3,18,3,dfa,5.411552476882934,-1.1710311412811283,4.3890625,0.10781249999999964,1.4649168252944946,3,1.1710311412811283,-0.10781249999999964,-8.29473350725417,0.8211248555589715
L20H7,20,7,dfa,5.485119438171386,-1.0974641799926763,4.3125,0.03125,1.8668652772903442,1,1.0974641799926763,-0.03125,-7.794430220245694,0.4560148925608814
L6MLP,6,,dfa,5.666212821006775,-0.9163707971572874,4.6453125,0.3640625000000002,0.30935120582580566,13,0.9163707971572874,-0.3640625000000002,-6.56287718201722,2.0431255480423838
L5MLP,5,,dfa,5.724956774711609,-0.8576268434524534,4.46875,0.1875,0.9270144104957581,2,0.8576268434524534,-0.1875,-6.163380008072975,1.201137266026375
L8MLP,8,,dfa,6.010671472549438,-0.5719121456146246,4.0359375,-0.24531249999999982,1.213255763053894,1,0.5719121456146246,0.24531249999999982,-4.220333836647951,-0.8628517084730415
L19H5,19,5,dfa,6.1831278800964355,-0.39945573806762713,4.0984375,-0.18281249999999982,1.6073651313781738,2,0.39945573806762713,0.18281249999999982,-3.047517859879042,-0.5648027590868441
L8H10,8,10,dfa,6.348192167282105,-0.234391450881958,4.1375,-0.14374999999999982,0.3953440189361572,10,0.234391450881958,0.14374999999999982,-1.9249731196810442,-0.37852216572047065
L17H7,17,7,dfa,6.376138043403626,-0.206445574760437,4.409375,0.12812499999999982,-1.4167214632034302,4,0.206445574760437,-0.12812499999999982,-1.734922947197933,0.9179907641094865
L17H12,17,12,dfa,6.436092805862427,-0.14649081230163574,4.203125,-0.078125,0.8825528025627136,15,0.14649081230163574,0.078125,-1.3271914845330588,-0.06557076886496416
L20H12,20,12,random,6.443742632865906,-0.13884098529815692,4.35,0.06874999999999964,,,0.13884098529815692,-0.06874999999999964,-1.2751676748247809,0.6348442621925982
L6H6,6,6,dfa,6.457462167739868,-0.12512145042419487,4.196875,-0.08437499999999964,0.24848243594169617,19,0.12512145042419487,0.08437499999999964,-1.1818658954192465,-0.09537566380358221
L8H9,8,9,dfa,6.484255862236023,-0.09832775592803955,4.3140625,0.032812500000000355,-0.534115195274353,7,0.09832775592803955,-0.032812500000000355,-0.9996513089696678,0.463466116295538
L8H2,8,2,dfa,6.487650632858276,-0.09493298530578631,4.2359375,-0.045312499999999645,0.5590057373046875,6,0.09493298530578631,0.045312499999999645,-0.9765646560590804,0.0909049295627912
L6H2,6,2,dfa,6.5155510902404785,-0.06703252792358416,4.23125,-0.04999999999999982,0.28969624638557434,16,0.06703252792358416,0.04999999999999982,-0.7868233606068407,0.06855125835882554
L2H5,2,5,random,6.516697597503662,-0.06588602066040039,4.2546875,-0.026562499999999822,,,0.06588602066040039,0.026562499999999822,-0.7790263639346405,0.18031961437864957
L0H7,0,7,random,6.5191350221633915,-0.06344859600067121,4.2828125,0.0015625000000003553,,,0.06344859600067121,-0.0015625000000003553,-0.7624502875582272,0.31444164160243926
L6H3,6,3,dfa,6.521194791793823,-0.06138882637023979,4.284375,0.0031249999999998224,0.5890862941741943,5,0.06138882637023979,-0.0031249999999998224,-0.7484425115330016,0.32189286533709166
L7H7,7,7,dfa,6.526591324806214,-0.05599229335784894,4.2625,-0.018749999999999822,0.2604251205921173,17,0.05599229335784894,0.018749999999999822,-0.7117425696397551,0.21757573305192426
L4H2,4,2,random,6.533531236648559,-0.049052381515503285,4.2625,-0.018749999999999822,,,0.049052381515503285,0.018749999999999822,-0.6645466457431458,0.21757573305192426
L7H3,7,3,dfa,6.553756546974182,-0.02882707118988037,4.303125,0.021874999999999645,0.2369256168603897,20,0.02882707118988037,-0.021874999999999645,-0.5270013528636367,0.41130755015295006
L17H5,17,5,random,6.567348742485047,-0.015234875679015936,4.353125,0.07187500000000036,,,0.015234875679015936,-0.07187500000000036,-0.43456556412575403,0.6497467096619114
L8H0,8,0,dfa,6.578285765647888,-0.004297852516174316,4.234375,-0.046875,0.29631778597831726,15,0.004297852516174316,0.046875,-0.36018667797055764,0.08345370582813456
L19H12,19,12,dfa,6.591477465629578,0.008893847465515137,3.775,-0.5062500000000001,-1.1320801973342896,7,-0.008893847465515137,0.5062500000000001,-0.2704745198702489,-2.107206072160417
L20H9,20,9,dfa,6.596138167381286,0.013554549217223766,4.6109375,0.32968750000000036,0.7103493213653564,20,-0.013554549217223766,-0.32968750000000036,-0.23877871015747204,1.879198625879976
L8H1,8,1,dfa,6.597910046577454,0.015326428413390936,4.3625,0.08124999999999982,-0.2583124041557312,18,-0.015326428413390936,-0.08124999999999982,-0.2267287767294955,0.6944540520698385
L8H4,8,4,dfa,6.602633333206176,0.020049715042113725,4.3203125,0.0390625,0.4057224988937378,9,-0.020049715042113725,-0.0390625,-0.19460734906079366,0.49327101123415606
L7H15,7,15,random,6.602870321273803,0.020286703109740678,4.1765625,-0.10468749999999982,,,-0.020286703109740678,0.10468749999999982,-0.1929956757343576,-0.19224157235409722
L4H10,4,10,dfa,6.604618978500366,0.02203536033630371,4.2515625,-0.029687499999999645,0.2993716895580292,14,-0.02203536033630371,0.029687499999999645,-0.18110366683554857,0.16541716690934055
L6H11,6,11,dfa,6.611875724792481,0.02929210662841797,4.2265625,-0.0546875,0.35113951563835144,11,-0.02929210662841797,0.0546875,-0.13175306217082602,0.04619758715485989
L8H8,8,8,dfa,6.620064997673035,0.037481379508972346,4.259375,-0.021874999999999645,0.813340961933136,3,-0.037481379508972346,0.021874999999999645,-0.07606066889273273,0.20267328558261524
L17H6,17,6,dfa,6.625037264823914,0.042453646659851074,4.1234375,-0.15781250000000036,0.9653251767158508,12,-0.042453646659851074,0.15781250000000036,-0.0422460113902297,-0.4455831793323676
L8H15,8,15,dfa,6.6450340270996096,0.062450408935546875,4.2765625,-0.004687500000000178,0.4619119167327881,8,-0.062450408935546875,0.004687500000000178,0.09374500578432562,0.284636746663817
L11MLP,11,,dfa,6.645116901397705,0.06253328323364205,3.9828125,-0.2984374999999999,0.7503814101219177,19,-0.06253328323364205,0.2984374999999999,0.09430860502805356,-1.1161933154513097
L7H6,7,6,dfa,6.646207427978515,0.06362380981445259,4.303125,0.021874999999999645,-0.3369778096675873,12,-0.06362380981445259,-0.021874999999999645,0.10172489657243838,0.41130755015295006
L15H14,15,14,dfa,6.651465535163879,0.06888191699981672,4.2953125,0.014062499999999645,0.7727856636047363,18,-0.06888191699981672,-0.014062499999999645,0.13748345261726314,0.3740514314796754
L7MLP,7,,dfa,6.651609706878662,0.06902608871459925,4.2640625,-0.017187500000000355,0.7430421710014343,4,-0.06902608871459925,0.017187500000000355,0.13846391424753945,0.22502695678657667
L15H8,15,8,dfa,6.659138941764832,0.07655532360076922,4.178125,-0.10312500000000036,-0.7861436605453491,16,-0.07655532360076922,0.10312500000000036,0.1896676189573197,-0.18479034861944482
L19MLP,19,,random,6.662987518310547,0.08040390014648402,3.6546875,-0.6265624999999999,,,-0.08040390014648402,0.6265624999999999,0.21584044793383866,-2.6809502997288464
L18H13,18,13,dfa,6.6791173934936525,0.09653377532958984,4.0140625,-0.26718750000000036,-1.2501672506332397,6,-0.09653377532958984,0.26718750000000036,0.3255341124784832,-0.9671688407582132
L18H0,18,0,dfa,6.685216879844665,0.1026332616806025,4.01875,-0.2625000000000002,-0.9122822284698486,14,-0.1026332616806025,0.2625000000000002,0.36701459525267094,-0.9448151695542475
L20H2,20,2,dfa,6.727773642539978,0.145190024375915,4.3125,0.03125,1.0848084688186646,9,-0.145190024375915,-0.03125,0.6564283196747334,0.4560148925608814
L1MLP,1,,random,6.7463806629180905,0.1637970447540278,4.203125,-0.078125,0.10510949045419693,43,-0.1637970447540278,0.078125,0.7829681861251481,-0.06557076886496416
L20H14,20,14,dfa,6.767956161499024,0.18537254333496112,4.4609375,0.1796875,0.9396166801452637,13,-0.18537254333496112,-0.1796875,0.9296956391806557,1.1638811473531003
L18H7,18,7,dfa,6.78509247303009,0.20250885486602765,4.284375,0.0031249999999998224,1.1116864681243896,8,-0.20250885486602765,-0.0031249999999998224,1.0462337268770907,0.32189286533709166
L17H13,17,13,dfa,6.825743627548218,0.24316000938415527,3.9203125,-0.3609374999999999,-0.7759257555007935,17,-0.24316000938415527,0.3609374999999999,1.3226880736369757,-1.4142422648375073
L17H1,17,1,random,6.844297289848328,0.26171367168426496,4.4,0.11875000000000036,,,-0.26171367168426496,-0.11875000000000036,1.4488650703786805,0.8732834217015595
L18H12,18,12,random,6.8755021572113035,0.29291853904724086,4.23125,-0.04999999999999982,0.4930623769760132,44,-0.29291853904724086,0.04999999999999982,1.6610785074832388,0.06855125835882554
L17H15,17,15,dfa,6.875952744483948,0.29336912631988543,4.0984375,-0.18281249999999982,1.0291708707809448,10,-0.29336912631988543,0.18281249999999982,1.664142794625729,-0.5648027590868441
L20H10,20,10,dfa,6.985312843322754,0.4027292251586916,4.3296875,0.048437500000000355,-1.3364508152008057,5,-0.4027292251586916,-0.048437500000000355,2.4078627466038887,0.5379783536420873
L19H3,19,3,dfa,7.18318395614624,0.6006003379821774,4.2875,0.006249999999999645,-1.0017590522766113,11,-0.6006003379821774,-0.006249999999999645,3.753515284316558,0.3367953128064007
